tipo_credito,capital_prestado,plazo_meses,edad_cliente,tipo_laboral,salario_cliente,total_otros_prestamos,cuota_pactada,puntaje_datacredito,cant_creditosvigentes,huella_consulta,creditos_sectorFinanciero,creditos_sectorCooperativo,creditos_sectorReal,promedio_ingresos_datacredito,tendencia_ingresos,Pago_atiempo,prediction,timestamp
9,2506393.5600000005,11,30,Independiente,3530882.7004426694,1000000,177276,763.0,4,3,2,0,1,908526.0,Estable,0,0,2026-01-05 10:06:13.123490
4,454080.00000000006,6,46,Empleado,4764421.428725435,2000000,61312,793.0,3,1,0,0,0,4198909.0,Creciente,1,1,2026-01-05 10:06:13.123490
4,1320000.0,10,58,Independiente,2766561.3408940798,1400000,111152,784.0,5,8,2,0,3,923771.0,Creciente,1,0,2026-01-05 10:06:13.123490
4,1386000.0,6,28,Empleado,1729158.5333762513,500000,187452,736.0,4,4,1,0,2,1251951.0,Creciente,1,1,2026-01-05 10:06:13.123490
4,1697124.0000000002,12,54,Empleado,1408627.6430040954,300000,120810,735.0,7,5,0,0,6,908526.0,Estable,1,0,2026-01-05 10:06:13.123490
9,1146953.28,10,35,Empleado,5069237.043337224,1271000,90396,793.0,5,10,4,0,1,,nan,1,0,2026-01-05 10:06:13.123490
4,3669600.0000000005,6,32,Independiente,6917938.425948438,500000,495937,793.0,6,5,6,0,0,2316933.0,Decreciente,1,0,2026-01-05 10:06:13.123490
4,1504668.0000000002,12,54,Empleado,4250293.327750776,2500000,107333,780.0,7,3,6,0,0,1866666.0,Creciente,1,1,2026-01-05 10:06:13.123490
4,3617658.0000000005,6,67,Independiente,3227955.407901116,1000000,488474,901.0,4,3,2,0,1,1000000.0,Estable,1,1,2026-01-05 10:06:13.123490
9,6863153.88,10,26,Independiente,5622898.154218966,3000000,532520,770.0,8,4,4,0,3,,nan,1,0,2026-01-05 10:06:13.123490
9,2979820.8000000003,9,48,Independiente,1619651.133788062,800000,256598,805.0,1,1,0,0,0,911561.0,Creciente,1,1,2026-01-05 10:06:13.123490
9,955433.16,12,44,Empleado,7193002.589637952,3900000,60318,858.0,5,5,5,0,0,993658.0,Decreciente,1,1,2026-01-05 10:06:13.123490
4,5222778.0,18,41,Empleado,1372718.212299304,700000,260910,820.0,6,0,4,2,0,1418149.0,Creciente,1,1,2026-01-05 10:06:13.123490
4,2522520.0,12,43,Empleado,5173319.989670398,1000000,180014,854.0,4,4,2,0,0,2702222.0,Creciente,1,1,2026-01-05 10:06:13.123490
4,4106605.8000000003,12,51,Empleado,5977691.7053257255,200000,293059,775.0,8,4,2,2,1,900845.0,Creciente,1,1,2026-01-05 10:06:13.123490
9,1156083.72,10,42,Independiente,4465487.390411878,2500000,89374,832.0,4,4,2,0,1,941789.0,Creciente,1,1,2026-01-05 10:06:13.123490
9,2146570.8000000003,3,68,Empleado,2251391.504336776,1000000,517869,867.0,4,3,2,0,0,931394.0,Creciente,1,1,2026-01-05 10:06:13.123490
4,1625778.0000000002,12,35,Independiente,1659021.4477978563,700000,115827,717.0,6,5,2,0,0,,nan,1,0,2026-01-05 10:06:13.123490
4,1309440.0,12,33,Independiente,4667942.630740217,1300000,93458,749.0,6,2,1,4,0,,nan,1,1,2026-01-05 10:06:13.123490
4,1996896.0000000002,12,45,Independiente,8904664.399415536,2000000,126067,844.0,2,11,1,0,0,2946034.0,Decreciente,1,0,2026-01-05 10:06:13.123490
9,2321775.7199999997,10,46,Independiente,6143314.714433237,2200000,179678,792.0,3,3,2,0,0,946640.0,Creciente,1,1,2026-01-05 10:06:13.123490
4,1980000.0000000002,12,29,Empleado,1924317.0966528216,500000,141767,800.0,3,3,1,0,1,646778.0,Decreciente,1,1,2026-01-05 10:06:13.123490
4,1525731.24,12,49,Empleado,1549169.3888451806,500000,108881,820.0,6,1,3,0,3,1084812.0,Creciente,1,1,2026-01-05 10:06:13.123490
4,3213012.0000000005,24,32,Independiente,6612404.534251302,800000,127201,798.0,5,4,2,0,1,2025849.0,Creciente,1,0,2026-01-05 10:06:13.123490
4,2164668.0,6,28,Empleado,2606335.300613016,650000,294717,766.0,1,6,1,0,0,,nan,0,0,2026-01-05 10:06:13.123490
4,1456118.4000000001,24,50,Empleado,10227779.885754375,4518000,59635,793.0,11,13,7,1,2,5466000.0,Estable,1,0,2026-01-05 10:06:13.123490
4,4509120.0,12,52,Independiente,4572518.248487832,1500000,320047,889.0,8,3,8,0,0,5633391.0,Decreciente,0,1,2026-01-05 10:06:13.123490
4,2640000.0,24,52,Independiente,4704289.132802869,1000000,105401,757.0,6,5,5,0,0,,nan,1,0,2026-01-05 10:06:13.123490
4,2508000.0,24,29,Empleado,7486812.688399829,1455000,105646,817.0,7,3,2,0,1,6354337.0,Decreciente,1,1,2026-01-05 10:06:13.123490
4,2460480.0,6,61,Independiente,4675907.034835251,969000,334992,796.0,6,2,5,0,0,302842.0,Creciente,1,1,2026-01-05 10:06:13.123490
9,2027157.0000000002,10,36,Empleado,1905094.13854678,600000,156058,795.0,3,5,1,0,1,1500000.0,Estable,1,1,2026-01-05 10:06:13.123490
4,699600.0,6,50,Independiente,2750434.2661428996,656000,97508,708.0,7,12,3,0,3,,nan,1,0,2026-01-05 10:06:13.123490
4,4783284.0,12,36,Empleado,4247495.994996352,2500000,301975,832.0,4,2,4,0,0,1516060.0,Estable,1,1,2026-01-05 10:06:13.123490
4,858000.0000000001,6,29,Empleado,2273043.139187445,1289000,118402,779.0,6,4,3,2,1,1946738.0,Creciente,1,1,2026-01-05 10:06:13.123490
9,4972812.24,9,37,Empleado,8610390.871079223,3749000,430728,785.0,6,3,4,0,0,2400000.0,Creciente,1,1,2026-01-05 10:06:13.123490
4,660000.0,6,68,Independiente,4119530.5998107614,1000000,89197,748.0,7,3,3,1,2,,nan,1,1,2026-01-05 10:06:13.123490
4,1004388.0000000001,6,37,Empleado,2271444.5634671575,450000,135525,786.0,3,2,0,0,0,908526.0,Estable,1,1,2026-01-05 10:06:13.123490
9,1537856.76,9,44,Independiente,3887017.006979174,900000,131066,800.0,4,3,1,0,2,,nan,1,0,2026-01-05 10:06:13.123490
4,8839512.0,6,34,Empleado,26942324.314088453,15000000,1203598,817.0,5,8,4,0,1,15783867.0,Decreciente,1,0,2026-01-05 10:06:13.123490
4,1711908.0000000002,12,40,Empleado,18905770.457564685,9800000,122268,794.0,8,8,7,0,0,10067893.0,Decreciente,1,1,2026-01-05 10:06:13.123490
4,4336200.0,36,25,Independiente,6250313.964636209,1451000,146432,811.0,7,2,3,0,2,1000000.0,Estable,1,0,2026-01-05 10:06:13.123490
10,1267200.0,12,61,Independiente,1378966.3580013975,0,90221,872.0,8,2,1,0,6,,nan,1,1,2026-01-05 10:06:13.123490
4,4318248.0,10,31,Empleado,8820933.062401844,3500000,362496,749.0,9,5,6,0,0,4727904.0,Creciente,1,1,2026-01-05 10:06:13.123490
9,2932596.48,10,55,Empleado,2584459.316379542,1200000,227068,853.0,6,2,2,1,1,2172323.0,Creciente,1,1,2026-01-05 10:06:13.123490
10,9504000.0,36,32,Empleado,3797133.3490930726,629000,298457,812.0,4,8,2,1,1,1054976.0,Creciente,1,0,2026-01-05 10:06:13.123490
4,824670.0000000001,6,37,Empleado,2351401.4437830243,596000,112278,761.0,6,4,3,0,0,1200000.0,Estable,1,1,2026-01-05 10:06:13.123490
4,607200.0,6,57,Independiente,1958581.6425439427,600000,81875,776.0,2,1,1,0,0,908526.0,Estable,1,1,2026-01-05 10:06:13.123490
4,4686000.0,24,51,Empleado,2654927.932590201,700000,189825,757.0,6,2,2,0,4,2248615.0,Creciente,1,1,2026-01-05 10:06:13.123490
4,718655.52,6,43,Independiente,1426118.104091769,599000,98446,775.0,4,13,2,0,0,1327356.0,Creciente,1,0,2026-01-05 10:06:13.123490
4,6600000.000000001,6,41,Independiente,11302522.234228775,4000000,895595,869.0,9,0,5,0,1,954263.0,Creciente,1,1,2026-01-05 10:06:13.123490
4,897600.0000000001,12,39,Empleado,4453388.563512953,1700000,64103,719.0,9,9,6,0,0,,nan,0,0,2026-01-05 10:06:16.401745
4,1280268.0,6,23,Empleado,4302555.6024542255,2400000,174307,705.0,4,11,2,0,0,777906.0,Decreciente,1,0,2026-01-05 10:06:16.401745
4,2362800.0,12,58,Empleado,1709636.8129910082,200000,168535,829.0,0,3,0,0,0,827768.0,Creciente,1,1,2026-01-05 10:06:16.401745
4,2297856.0,12,65,Empleado,3796960.833621474,300000,165115,830.0,6,4,4,1,0,,nan,1,1,2026-01-05 10:06:16.401745
9,1029259.4400000001,10,45,Empleado,2268024.430279112,800000,79569,717.0,7,9,6,0,0,3780000.0,Creciente,1,1,2026-01-05 10:06:16.401745
9,3373546.44,10,44,Empleado,5744303.854171906,3000000,261758,815.0,16,8,11,0,1,4512879.0,Creciente,1,1,2026-01-05 10:06:16.401745
4,2877138.0,12,62,Independiente,2898651.3657563664,800000,205236,805.0,9,3,4,1,1,,nan,1,1,2026-01-05 10:06:16.401745
4,2469720.0,12,60,Empleado,2240439.8802156253,700000,176378,751.0,8,2,2,1,4,931394.0,Creciente,1,1,2026-01-05 10:06:16.401745
4,1422828.0,6,25,Empleado,1276089.5619617724,400000,179650,719.0,9,3,0,0,7,1552624.0,Decreciente,1,0,2026-01-05 10:06:16.401745
4,2175822.0,12,69,Independiente,1576150.4812997056,200000,155015,829.0,2,0,1,0,0,,nan,1,1,2026-01-05 10:06:16.401745
9,3074910.9600000004,10,37,Empleado,2109814.0214603283,850000,237713,759.0,21,10,1,0,17,4725667.0,Creciente,1,0,2026-01-05 10:06:16.401745
9,1395900.0,2,39,Independiente,5276447.894529108,2000000,500431,757.0,9,10,3,0,3,688965.0,Decreciente,1,0,2026-01-05 10:06:16.401745
4,2057484.0000000002,6,66,Empleado,8107212.711050646,2000000,278064,750.0,14,5,8,0,3,,nan,1,1,2026-01-05 10:06:16.401745
4,2608056.0,12,39,Independiente,3224804.7345316308,900000,164650,824.0,5,7,2,0,0,916148.0,Creciente,1,0,2026-01-05 10:06:16.401745
4,1921920.0000000002,12,28,Empleado,1558068.5497823942,500000,137438,755.0,5,3,2,0,0,1114427.0,Creciente,1,1,2026-01-05 10:06:16.401745
4,3960000.0000000005,6,39,Empleado,23824173.397331398,5000000,534313,791.0,3,4,2,0,0,908526.0,Creciente,1,1,2026-01-05 10:06:16.401745
4,3637789.32,12,28,Empleado,2913162.426632398,800000,229658,779.0,3,6,2,0,0,822720.0,Decreciente,1,0,2026-01-05 10:06:16.401745
4,8294880.000000001,6,44,Independiente,25839352.681299806,0,1121033,775.0,20,7,2,3,10,1000000.0,Estable,1,0,2026-01-05 10:06:16.401745
4,1716000.0000000002,12,44,Empleado,3439486.3388609607,2600000,122763,761.0,8,5,4,0,1,,nan,1,1,2026-01-05 10:06:16.401745
4,2349600.0,6,23,Empleado,9992449.874398518,3000000,317471,729.0,10,17,4,0,4,931394.0,Creciente,1,0,2026-01-05 10:06:16.401745
4,1285680.0,6,46,Independiente,4340566.720757488,1600000,173717,864.0,19,0,12,1,0,,nan,1,1,2026-01-05 10:06:16.401745
4,3820410.0000000005,18,43,Empleado,4309358.872362207,900000,192883,766.0,5,3,1,0,2,,nan,1,0,2026-01-05 10:06:16.401745
4,4448400.0,6,47,Independiente,4580267.651064473,1500000,607905,789.0,10,2,6,0,2,,nan,1,1,2026-01-05 10:06:16.401745
9,851733.9600000001,9,38,Independiente,5383701.171166969,2000000,72417,745.0,12,9,5,0,4,,nan,1,0,2026-01-05 10:06:16.401745
4,3974520.0000000005,12,57,Empleado,1817725.3775917038,250000,284221,804.0,4,3,1,0,1,1050765.0,Creciente,1,1,2026-01-05 10:06:16.401745
9,828432.0000000001,7,42,Independiente,4771726.500680922,2000000,88871,704.0,5,8,1,0,2,817880.0,Decreciente,1,0,2026-01-05 10:06:16.401745
4,3099096.0000000005,12,41,Independiente,3901302.117374297,1000000,195650,904.0,3,0,2,1,0,,nan,1,1,2026-01-05 10:06:16.401745
4,9465277.8,36,52,Independiente,1579297.8713159543,400000,279972,748.0,4,7,0,0,4,,nan,0,0,2026-01-05 10:06:16.401745
4,2904000.0000000005,6,36,Independiente,3957946.7093104986,3000000,392379,777.0,8,3,2,0,3,925157.0,Creciente,1,1,2026-01-05 10:06:16.401745
4,4444438.68,8,51,Independiente,5876551.137702032,1500000,458638,853.0,10,6,5,0,1,,nan,1,1,2026-01-05 10:06:16.401745
4,2741640.0,24,62,Empleado,4153426.917007421,200000,109209,816.0,2,2,1,0,1,925157.0,Creciente,1,1,2026-01-05 10:06:16.401745
9,2190922.8000000003,10,30,Empleado,2370954.3992740978,500000,169197,736.0,5,3,2,0,1,1498413.0,Estable,0,1,2026-01-05 10:06:16.401745
4,1521828.0000000002,12,62,Empleado,1323015.9159982346,400000,108557,797.0,5,2,2,0,2,908526.0,Estable,1,1,2026-01-05 10:06:16.401745
4,3115200.0000000005,12,33,Empleado,4730117.400445935,1641000,233585,767.0,8,3,3,0,0,3534310.0,Creciente,1,1,2026-01-05 10:06:16.401745
9,854590.4400000001,11,51,Independiente,7998300.770180268,3500000,60548,767.0,11,8,6,0,4,925157.0,Creciente,1,0,2026-01-05 10:06:16.401745
4,1907730.0000000002,8,50,Empleado,3488645.6805915358,1000000,197106,786.0,9,5,5,0,1,,nan,1,1,2026-01-05 10:06:16.401745
9,1395900.0,2,55,Independiente,5458634.4594895,2000000,500578,778.0,3,3,1,0,1,954263.0,Creciente,1,1,2026-01-05 10:06:16.401745
9,1395900.0,8,60,Independiente,5656968.387367206,2000000,132410,808.0,8,1,2,2,2,,nan,1,1,2026-01-05 10:06:16.401745
4,1603800.0000000002,18,40,Empleado,1645764.8939964585,450000,82475,846.0,1,2,1,0,0,1114699.0,Decreciente,1,1,2026-01-05 10:06:16.401745
9,1558615.08,11,59,Empleado,4203482.761518346,2000000,110240,779.0,6,3,3,0,1,2177236.0,Creciente,1,1,2026-01-05 10:06:16.401745
4,2148300.0,12,37,Empleado,2352959.587381208,190000,154369,765.0,9,5,5,1,1,2611165.0,Creciente,1,1,2026-01-05 10:06:16.401745
9,5373469.2,10,41,Independiente,3577919.827076228,2000000,414321,855.0,5,1,1,0,2,,nan,1,1,2026-01-05 10:06:16.401745
9,2066877.12,11,68,Independiente,3759913.8829355035,1300000,146440,882.0,3,2,2,0,1,,nan,1,1,2026-01-05 10:06:16.401745
4,1921920.0000000002,6,38,Independiente,11654911.879927516,3000000,259743,753.0,9,9,2,0,3,,nan,1,0,2026-01-05 10:06:16.401745
4,13411200.000000002,8,40,Independiente,13207810.65063752,3800000,1390041,803.0,13,7,4,0,3,954263.0,Creciente,1,0,2026-01-05 10:06:16.401745
9,5126436.48,10,53,Independiente,5261500.196565744,3000000,396311,894.0,6,4,4,0,0,933473.0,Creciente,1,1,2026-01-05 10:06:16.401745
4,2794704.0,12,24,Independiente,11980096.895078322,3000000,199355,777.0,11,8,10,0,1,1755606.0,Estable,1,0,2026-01-05 10:06:16.401745
9,9124102.68,10,30,Independiente,10729083.036017751,5000000,703513,743.0,5,6,3,0,1,908526.0,Estable,1,0,2026-01-05 10:06:16.401745
4,3115200.0000000005,6,37,Independiente,17275939.63610749,9000000,426729,818.0,13,9,9,2,1,133334.0,Decreciente,1,0,2026-01-05 10:06:16.401745
4,2268948.0,6,43,Empleado,1117139.192715533,200000,307888,860.0,4,5,1,1,0,1116967.0,Creciente,1,1,2026-01-05 10:06:16.401745
9,1306022.52,10,32,Empleado,2248171.2889740523,800000,100965,737.0,8,9,6,0,1,,nan,1,0,2026-01-05 10:06:17.671985
4,553695.12,6,64,Independiente,1776726.696488688,788000,74886,729.0,8,0,3,0,5,,nan,1,1,2026-01-05 10:06:17.671985
4,811668.0000000001,6,23,Empleado,1508835.9480076525,350000,109405,752.0,2,7,2,0,0,872185.0,Decreciente,1,0,2026-01-05 10:06:17.671985
4,1744248.0000000002,12,33,Empleado,2186811.9376387126,83000,126491,776.0,9,4,2,0,4,977131.0,Creciente,1,1,2026-01-05 10:06:17.671985
9,11455635.840000002,10,43,Independiente,10789826.505958453,4000000,885604,816.0,1,8,0,0,0,,nan,1,0,2026-01-05 10:06:17.671985
4,2508000.0,6,30,Empleado,2327388.36629006,1478000,346120,732.0,2,4,1,1,0,1266666.0,Creciente,1,1,2026-01-05 10:06:17.671985
4,1234068.0,10,54,Empleado,1670779.492714781,400000,103961,807.0,2,2,2,0,0,933473.0,Creciente,1,1,2026-01-05 10:06:17.671985
4,1122471.24,6,45,Empleado,4122240.836480526,2500000,151802,754.0,7,6,2,0,5,3363547.0,Creciente,1,1,2026-01-05 10:06:17.671985
4,862387.6799999999,6,61,Independiente,1703749.129167994,0,118413,868.0,1,2,0,0,1,939017.0,Creciente,1,1,2026-01-05 10:06:17.671985
4,1082136.0,6,37,Empleado,2108307.9492614646,700000,146015,765.0,6,2,1,0,2,,nan,1,1,2026-01-05 10:06:17.671985
9,8849049.0,10,29,Independiente,6726489.881940591,1510000,716763,783.0,7,2,2,1,2,,nan,1,0,2026-01-05 10:06:17.671985
4,2098800.0,10,53,Independiente,2211693.212469245,800000,176546,759.0,5,5,4,0,0,954263.0,Creciente,1,1,2026-01-05 10:06:17.671985
9,2979249.24,9,43,Empleado,1975605.8501148226,980000,253911,821.0,3,2,2,0,0,,nan,1,1,2026-01-05 10:06:17.671985
4,6600000.000000001,6,41,Independiente,11645180.568736015,4000000,895595,869.0,9,0,5,0,1,954263.0,Creciente,1,1,2026-01-05 10:06:17.671985
4,2310000.0,18,40,Empleado,1391747.9763375735,400000,117242,852.0,3,2,1,0,2,772558.0,Creciente,1,1,2026-01-05 10:06:17.671985
4,1716000.0000000002,6,29,Empleado,4315354.502187182,1500000,231703,723.0,4,8,3,0,0,,nan,1,0,2026-01-05 10:06:17.671985
4,1053228.0,12,38,Empleado,1736961.5513754159,400000,75161,747.0,8,3,3,0,4,1598200.0,Decreciente,1,1,2026-01-05 10:06:17.671985
9,4873878.24,8,47,Empleado,2737084.179834363,1500000,462718,854.0,8,15,3,0,0,,nan,1,0,2026-01-05 10:06:17.671985
4,3000690.0000000005,6,49,Independiente,13591529.749817785,7000000,405720,828.0,9,3,8,0,1,30285.0,Estable,1,1,2026-01-05 10:06:17.671985
9,1605975.3599999999,10,59,Independiente,0.0,2000000,123634,834.0,8,4,6,0,1,3000000.0,Decreciente,1,1,2026-01-05 10:06:17.671985
4,1505028.3599999999,6,24,Independiente,6651999.990924268,1000000,204238,787.0,4,5,1,0,2,,nan,1,0,2026-01-05 10:06:17.671985
4,4211328.0,24,27,Empleado,2425803.188740356,274000,181391,755.0,5,5,2,0,1,1656576.0,Decreciente,1,0,2026-01-05 10:06:17.671985
4,923868.0000000001,18,33,Empleado,1404418.9363939553,200000,46430,743.0,8,9,3,0,2,1288396.0,Creciente,0,0,2026-01-05 10:06:17.671985
4,993564.0000000001,8,25,Empleado,1635414.0703936906,150000,102536,746.0,2,3,1,0,0,1300000.0,Creciente,1,1,2026-01-05 10:06:17.671985
4,792000.0000000001,12,53,Empleado,4066032.672238593,894000,59918,801.0,11,1,5,3,2,3281278.0,Decreciente,1,1,2026-01-05 10:06:17.671985
4,5688142.680000001,24,26,Empleado,4643803.284411288,2000000,225190,804.0,5,5,4,0,0,3476479.0,Creciente,1,0,2026-01-05 10:06:17.671985
4,2193840.0,12,58,Empleado,2111035.119691741,800000,156689,835.0,9,6,6,0,0,1037394.0,Decreciente,1,1,2026-01-05 10:06:17.671985
9,1220076.0,4,38,Independiente,5494262.714183272,2000000,223107,834.0,9,12,8,0,1,981909.0,Creciente,1,0,2026-01-05 10:06:17.671985
9,2351284.32,10,24,Empleado,2960516.5927696754,700000,181486,780.0,0,5,0,0,0,1888481.0,Estable,1,0,2026-01-05 10:06:17.671985
4,4936800.0,8,64,Independiente,1050063.2600009427,841000,518211,816.0,3,0,2,0,0,1016667.0,Decreciente,1,1,2026-01-05 10:06:17.671985
9,3699096.72,9,41,Empleado,5343262.867040862,3300000,314058,881.0,7,2,5,0,0,4465589.0,Estable,1,1,2026-01-05 10:06:17.671985
9,4516886.88,2,52,Independiente,5018142.053749226,1435000,1644056,892.0,9,1,7,0,0,,nan,1,0,2026-01-05 10:06:17.671985
4,1314642.12,12,44,Empleado,1363092.0053375345,600000,93895,710.0,0,1,0,0,0,1187912.0,Creciente,1,1,2026-01-05 10:06:17.671985
4,4286304.0,24,32,Independiente,2733898.063281545,400000,135300,708.0,3,9,2,0,1,1265277.0,Decreciente,0,0,2026-01-05 10:06:17.671985
4,1439592.0,24,37,Empleado,1731657.3984687824,500000,57010,770.0,5,5,1,0,3,1398223.0,Creciente,1,0,2026-01-05 10:06:17.671985
4,1060309.8,6,64,Independiente,2740758.687754951,0,146818,856.0,1,1,0,0,0,2142000.0,Creciente,1,1,2026-01-05 10:06:17.671985
4,5236297.4399999995,36,34,Empleado,1318994.3737572809,300000,154419,740.0,17,4,1,0,15,931394.0,Creciente,1,0,2026-01-05 10:06:17.671985
4,9742920.0,36,51,Empleado,2747610.8480716515,583000,338078,812.0,7,0,2,1,2,309334.0,Decreciente,1,0,2026-01-05 10:06:17.671985
9,1304226.0,8,44,Independiente,5314084.452193824,2000000,123554,729.0,8,3,1,0,1,864533.0,Creciente,1,1,2026-01-05 10:06:17.671985
4,1645248.0000000002,6,47,Empleado,4529548.031766984,1000000,221845,794.0,4,4,2,0,1,4521178.0,Decreciente,1,1,2026-01-05 10:06:17.671985
4,7397280.000000001,8,48,Independiente,11705576.599938562,1500000,760063,862.0,3,2,3,0,0,,nan,1,0,2026-01-05 10:06:17.671985
4,1632989.16,6,35,Empleado,2525339.3139148694,0,220695,832.0,6,6,5,0,0,2252606.0,Creciente,1,1,2026-01-05 10:06:17.671985
9,2153131.2,10,48,Empleado,3399414.9246497587,1400000,166191,773.0,4,2,2,0,2,,nan,1,1,2026-01-05 10:06:17.671985
4,2930004.0000000005,24,32,Empleado,2950490.3246469204,1500000,116444,840.0,4,5,4,0,0,3196436.0,Creciente,1,1,2026-01-05 10:06:17.671985
4,727650.0000000001,8,24,Empleado,3593273.500097716,200000,75576,736.0,6,1,1,0,4,1574664.0,Creciente,1,1,2026-01-05 10:06:17.671985
4,1827673.32,12,25,Empleado,3593264.2783075087,1500000,130536,746.0,1,4,1,0,0,,nan,1,0,2026-01-05 10:06:17.671985
9,4613582.16,10,40,Empleado,6591169.704346291,712000,376573,841.0,4,1,3,0,0,,nan,1,1,2026-01-05 10:06:17.671985
4,792000.0000000001,6,50,Empleado,2267339.640335017,100000,107471,804.0,7,5,5,0,1,2266637.0,Decreciente,1,1,2026-01-05 10:06:17.671985
4,1081745.28,12,36,Independiente,2846199.3827993944,474000,80140,748.0,5,8,1,0,2,921363.0,Decreciente,1,0,2026-01-05 10:06:17.671985
9,9728440.92,9,122,Empleado,5251971.688236085,1610564,838134,0.0,0,0,0,0,0,,nan,1,0,2026-01-05 10:06:17.671985
9,2541825.0,11,55,Independiente,3558869.6146798045,1400000,180296,769.0,11,6,6,0,5,,nan,1,0,2026-01-05 10:06:18.489135
4,835428.0000000001,12,26,Empleado,1516458.7857972493,700000,59767,847.0,5,3,1,3,1,1285811.0,Creciente,1,1,2026-01-05 10:06:18.489135
4,1320000.0,12,40,Empleado,1725588.1805760632,300000,94160,790.0,1,3,0,0,0,976965.0,Creciente,1,1,2026-01-05 10:06:18.489135
4,3661548.0000000005,12,33,Empleado,2506781.4390539066,800000,231158,808.0,1,6,1,0,0,1200000.0,Estable,1,0,2026-01-05 10:06:18.489135
4,2118600.0,6,59,Independiente,9082174.995997442,2400000,286259,841.0,4,3,2,0,0,946394.0,Creciente,1,1,2026-01-05 10:06:18.489135
9,1502721.0000000002,10,29,Empleado,1616499.2494408935,800000,115989,775.0,1,3,1,0,0,955099.0,Creciente,1,1,2026-01-05 10:06:18.489135
9,7975400.4,10,58,Independiente,3524425.10829413,161000,623688,859.0,4,3,1,1,1,975052.0,Creciente,1,1,2026-01-05 10:06:18.489135
9,5349168.0,12,36,Independiente,4473244.630525528,2000000,337700,836.0,2,6,1,0,0,4192073.0,Creciente,1,0,2026-01-05 10:06:18.489135
9,6295387.5600000005,9,31,Empleado,10732038.091967026,5200000,537560,815.0,8,9,7,0,0,8958316.0,Creciente,1,1,2026-01-05 10:06:18.489135
9,2624892.6,9,36,Empleado,5782974.002070156,3500000,222857,841.0,5,4,4,0,0,3156870.0,Creciente,1,1,2026-01-05 10:06:18.489135
4,1568397.6,24,61,Empleado,5592712.0357534755,700000,62092,746.0,14,1,8,0,5,,nan,1,1,2026-01-05 10:06:18.489135
4,1689600.0000000002,12,68,Independiente,11745516.164553689,3000000,120825,842.0,5,6,5,0,0,1400000.0,Estable,1,1,2026-01-05 10:06:18.489135
4,3141996.0000000005,6,36,Empleado,2386825.654059876,192000,427779,838.0,7,0,3,0,1,1590555.0,Creciente,1,1,2026-01-05 10:06:18.489135
4,4540800.0,6,36,Independiente,11662961.422739618,3000000,611644,840.0,7,6,5,0,0,921192.0,Creciente,1,0,2026-01-05 10:06:18.489135
9,966768.0000000001,9,49,Independiente,4558466.321429304,2000000,82355,789.0,16,5,12,0,2,941789.0,Creciente,1,1,2026-01-05 10:06:18.489135
4,1723920.0000000002,18,31,Empleado,1711477.320915637,322000,90895,716.0,10,5,2,0,4,3141666.0,Creciente,1,0,2026-01-05 10:06:18.489135
9,889860.8400000001,5,59,Independiente,4758148.13933857,2000000,131010,760.0,9,3,4,0,1,,nan,1,1,2026-01-05 10:06:18.489135
4,1438338.0,10,26,Empleado,1656434.120997947,600000,120998,756.0,7,6,3,1,2,1230486.0,Creciente,1,1,2026-01-05 10:06:18.489135
4,1055868.0,12,41,Empleado,1555010.8526116447,250000,66658,811.0,3,7,2,0,1,916148.0,Creciente,1,1,2026-01-05 10:06:18.489135
9,3523849.5600000005,10,28,Empleado,1637853.3356859828,1000000,271706,776.0,2,2,0,0,1,908526.0,Estable,1,1,2026-01-05 10:06:18.489135
4,4434936.0,12,39,Empleado,17895101.33800402,2000000,279983,873.0,13,2,10,0,1,3306909.0,Decreciente,1,1,2026-01-05 10:06:18.489135
9,1304226.0,4,44,Independiente,5732442.038959094,2000000,238495,743.0,12,8,8,0,1,939017.0,Creciente,1,0,2026-01-05 10:06:18.489135
9,3284088.7199999997,11,32,Empleado,1552205.0702529901,256000,235876,804.0,4,3,1,0,2,,nan,1,0,2026-01-05 10:06:18.489135
4,8592698.4,12,43,Independiente,8981250.37776659,2566000,627010,809.0,8,3,4,0,1,1141818.0,Decreciente,1,0,2026-01-05 10:06:18.489135
4,1848000.0000000002,6,58,Empleado,4266173.082473359,1500000,249430,859.0,10,1,3,4,3,,nan,1,1,2026-01-05 10:06:18.489135
4,733920.0000000001,12,28,Independiente,2429734.016929021,1033000,56182,701.0,14,2,1,0,6,,nan,1,0,2026-01-05 10:06:18.489135
9,1395900.0,2,53,Independiente,5306102.581600971,2000000,500578,819.0,7,10,4,0,2,933473.0,Creciente,1,0,2026-01-05 10:06:18.489135
9,1343235.96,10,37,Empleado,9585564.702408805,8250000,107134,730.0,12,19,6,0,4,2000000.0,Estable,1,0,2026-01-05 10:06:18.489135
4,795960.0000000001,10,34,Empleado,1835710.0348298512,500000,66698,773.0,7,9,4,0,1,1248891.0,Creciente,1,0,2026-01-05 10:06:18.489135
9,3137106.7199999997,9,40,Independiente,30576100.81682315,16000000,267365,825.0,13,10,6,2,4,1830000.0,Creciente,1,0,2026-01-05 10:06:18.489135
4,3313068.0000000005,12,43,Empleado,2934392.2372646593,900000,209158,808.0,7,5,3,0,2,1792161.0,Decreciente,1,1,2026-01-05 10:06:18.489135
4,3269508.0000000005,24,56,Independiente,3231938.322775209,985000,130956,856.0,3,1,0,1,1,,nan,1,1,2026-01-05 10:06:18.489135
4,5578544.4,36,53,Empleado,2639579.3348516473,150000,165007,725.0,8,6,6,1,1,923771.0,Creciente,1,0,2026-01-05 10:06:18.489135
9,1814130.12,9,23,Empleado,3582142.7127724583,500000,154538,738.0,7,4,5,0,2,2596666.0,Creciente,1,1,2026-01-05 10:06:18.489135
9,1815109.56,9,35,Empleado,3925817.4732252327,1000000,154622,782.0,3,4,3,0,0,1756412.0,Creciente,1,1,2026-01-05 10:06:18.489135
4,1782132.0000000002,6,56,Empleado,1738297.7627051848,600000,240621,843.0,4,2,3,0,1,1480481.0,Creciente,1,1,2026-01-05 10:06:18.489135
4,1056000.0,12,28,Independiente,3339568.6731427065,1600000,75091,798.0,6,4,1,0,1,,nan,1,0,2026-01-05 10:06:18.489135
4,1081406.04,6,37,Independiente,4293547.814722404,200000,146513,708.0,7,6,3,0,1,1437392.0,Decreciente,1,0,2026-01-05 10:06:18.489135
4,1187866.6800000002,12,36,Empleado,2884651.5214216923,1200000,84840,775.0,6,4,2,0,2,2999893.0,Creciente,1,1,2026-01-05 10:06:18.489135
4,1188000.0,6,57,Empleado,4413216.043962987,900000,160555,775.0,11,9,5,0,1,,nan,1,1,2026-01-05 10:06:18.489135
4,1428240.0,12,52,Empleado,2098321.9616982746,900000,102177,773.0,11,3,3,0,5,1202176.0,Creciente,1,1,2026-01-05 10:06:18.489135
4,1518000.0000000002,8,51,Empleado,2327162.9549322296,1000000,156975,727.0,4,2,2,0,1,,nan,1,1,2026-01-05 10:06:18.489135
9,2068061.16,10,49,Independiente,3574370.474890298,1200000,159458,871.0,5,1,1,0,2,,nan,1,1,2026-01-05 10:06:18.489135
4,3686311.2,6,37,Empleado,3386593.262120605,1000000,498422,777.0,8,5,5,0,1,2892468.0,Decreciente,1,1,2026-01-05 10:06:18.489135
4,924000.0000000001,6,31,Empleado,1765309.3251361807,0,127303,797.0,0,3,0,0,0,1349153.0,Creciente,1,1,2026-01-05 10:06:18.489135
9,1967656.6800000002,9,39,Empleado,5533269.659385208,2200000,167056,840.0,8,1,2,0,6,,nan,1,1,2026-01-05 10:06:18.489135
4,1199352.0,12,31,Empleado,2215969.9909790144,200000,85554,755.0,7,6,3,0,1,3387083.0,Decreciente,1,1,2026-01-05 10:06:18.489135
9,2985541.68,4,29,Empleado,4726079.709443578,2000000,544885,841.0,0,3,0,0,0,3921106.0,Creciente,1,1,2026-01-05 10:06:18.489135
9,1003568.28,10,54,Empleado,3167697.9363711094,1318000,79095,803.0,6,3,1,0,3,2711461.0,Creciente,1,1,2026-01-05 10:06:18.489135
4,2352240.0,12,64,Empleado,3254439.979462346,1200000,167444,827.0,5,3,1,0,3,,nan,1,1,2026-01-05 10:06:18.489135
4,521400.00000000006,6,24,Empleado,1344079.2508314657,179000,71592,743.0,1,5,0,1,0,966666.0,Decreciente,1,1,2026-01-05 10:06:19.512899
4,2610960.0,12,33,Empleado,2674062.458266389,1000000,186480,836.0,2,4,1,0,0,2211317.0,Decreciente,1,1,2026-01-05 10:06:19.512899
4,1701348.0000000002,6,30,Independiente,9461921.84786296,2200000,214817,803.0,2,3,0,0,0,935514.0,Creciente,1,1,2026-01-05 10:06:19.512899
4,2574660.0,6,58,Empleado,2991031.986866862,1000000,347040,801.0,3,6,2,0,0,2838143.0,Creciente,1,1,2026-01-05 10:06:19.512899
9,2629521.8400000003,4,58,Empleado,4685544.834489443,2000000,479909,687.0,7,1,3,0,2,,nan,1,1,2026-01-05 10:06:19.512899
4,3888192.0000000005,36,26,Empleado,3087043.202584337,100000,121361,820.0,2,5,1,0,0,1391337.0,Creciente,0,0,2026-01-05 10:06:19.512899
9,1425999.96,10,45,Independiente,1170531.1691105168,500000,110356,794.0,0,0,0,0,0,,nan,1,1,2026-01-05 10:06:19.512899
9,5231392.32,11,62,Empleado,3493490.8728302713,1600000,370015,808.0,6,1,1,0,3,,nan,1,1,2026-01-05 10:06:19.512899
4,2349468.0,12,44,Independiente,2809548.3300492642,1000000,148325,832.0,5,7,3,0,0,916148.0,Creciente,1,1,2026-01-05 10:06:19.512899
4,989868.0000000001,6,62,Independiente,1611808.1038752685,200000,124983,802.0,4,0,1,0,2,909000.0,Estable,1,1,2026-01-05 10:06:19.512899
4,740520.0000000001,6,29,Independiente,10019973.074057247,3000000,99989,724.0,17,5,2,0,13,,nan,1,0,2026-01-05 10:06:19.512899
4,3931224.0000000005,6,27,Empleado,3961202.885236174,130000,531295,781.0,7,5,5,0,1,1314285.0,Creciente,1,1,2026-01-05 10:06:19.512899
4,4218720.0,6,60,Independiente,5830402.857269845,2500000,569991,874.0,3,2,2,0,0,1756484.0,Creciente,1,1,2026-01-05 10:06:19.512899
9,4031962.4400000004,10,27,Empleado,3229539.065759416,1500000,312845,829.0,1,2,1,0,0,2884465.0,Creciente,1,1,2026-01-05 10:06:19.512899
4,3844368.0000000005,12,44,Independiente,5005688.376397511,1200000,274231,798.0,2,3,0,0,1,,nan,1,0,2026-01-05 10:06:19.512899
4,1267200.0,6,65,Independiente,5053404.398972829,1580000,173772,854.0,6,6,4,1,1,969508.0,Creciente,1,1,2026-01-05 10:06:19.512899
9,1633632.0000000002,5,36,Empleado,3537074.385588549,1000000,240861,764.0,6,5,3,0,2,,nan,1,0,2026-01-05 10:06:19.512899
4,2115960.0,8,41,Empleado,2716556.792902474,1000000,217883,803.0,1,2,0,0,0,1200000.0,Estable,1,1,2026-01-05 10:06:19.512899
9,1395900.0,2,40,Independiente,5415823.985745715,2000000,500357,809.0,14,4,9,0,3,,nan,1,0,2026-01-05 10:06:19.512899
4,2542188.0,12,36,Empleado,6316409.386754186,3000000,160492,778.0,9,6,0,4,3,1358185.0,Decreciente,0,1,2026-01-05 10:06:19.512899
4,923868.0000000001,6,26,Independiente,1580984.7708528761,300000,125784,769.0,5,4,0,0,3,,nan,0,0,2026-01-05 10:06:19.512899
9,5606181.24,10,122,Empleado,3453457.6069141543,3200000,467390,0.0,0,0,0,0,0,,nan,1,0,2026-01-05 10:06:19.512899
4,1883508.0000000002,6,44,Empleado,2168011.4945271513,800000,254146,845.0,1,0,1,0,0,1452781.0,Creciente,0,1,2026-01-05 10:06:19.512899
4,3257364.0000000005,12,27,Empleado,4161933.9352195105,900000,232937,760.0,7,4,5,0,0,3113832.0,Creciente,1,1,2026-01-05 10:06:19.512899
4,5209010.4,24,31,Empleado,5192113.712282913,2000000,206285,839.0,4,8,0,2,0,5081580.0,Creciente,1,1,2026-01-05 10:06:19.512899
4,2072002.6800000002,12,29,Empleado,1942653.6702046783,500000,147803,734.0,6,1,1,2,0,1239200.0,Creciente,1,1,2026-01-05 10:06:19.512899
9,1395900.0,5,39,Independiente,5285260.0708788335,2000000,205990,814.0,7,5,4,0,2,969508.0,Creciente,1,1,2026-01-05 10:06:19.512899
4,2269609.3200000003,12,54,Empleado,5398501.903117266,2000000,143283,819.0,13,5,10,0,0,5270336.0,Creciente,1,1,2026-01-05 10:06:19.512899
9,2063598.24,10,37,Empleado,1688126.2967831034,0,164589,694.0,0,2,0,0,0,,nan,1,0,2026-01-05 10:06:19.512899
4,1247400.0,8,50,Empleado,7699742.392364972,0,129290,809.0,9,8,4,0,0,6896687.0,Creciente,1,1,2026-01-05 10:06:19.512899
4,2576244.0,12,63,Empleado,4043552.342924511,1000000,162642,865.0,4,0,4,0,0,,nan,1,1,2026-01-05 10:06:19.512899
4,1304622.0,12,63,Independiente,1180425.3576348908,300000,92885,820.0,2,1,0,0,2,,nan,1,1,2026-01-05 10:06:19.512899
4,3960000.0000000005,6,34,Empleado,5793126.248609649,2000000,539198,753.0,6,2,5,0,0,6049221.0,Creciente,1,1,2026-01-05 10:06:19.512899
4,1122000.0,12,37,Empleado,5432975.832802594,2500000,80870,792.0,13,6,8,1,3,5141826.0,Creciente,1,1,2026-01-05 10:06:19.512899
4,699600.0,6,37,Independiente,3143852.917568545,1000000,94784,783.0,3,2,1,0,0,600000.0,Estable,0,1,2026-01-05 10:06:19.512899
9,3434605.68,10,32,Empleado,5080359.95594509,2500000,264825,666.0,9,12,4,0,4,,nan,1,0,2026-01-05 10:06:19.512899
4,1716000.0000000002,12,54,Independiente,4624355.340676973,300000,122408,764.0,5,3,0,0,2,,nan,0,0,2026-01-05 10:06:19.512899
4,923868.0000000001,12,44,Empleado,6992437.418141332,3000000,58325,885.0,8,3,7,0,0,6745432.0,Creciente,1,1,2026-01-05 10:06:19.512899
4,2006004.0000000002,6,43,Independiente,3515777.960384051,200000,270860,846.0,2,1,1,0,0,1000000.0,Estable,1,1,2026-01-05 10:06:19.512899
9,8756849.64,5,122,Empleado,171837671.2371409,5297882,1314842,0.0,0,0,0,0,0,,nan,1,0,2026-01-05 10:06:19.512899
9,814599.72,7,56,Empleado,3320332.217766463,1500000,88344,862.0,10,3,5,0,2,2086363.0,Creciente,1,1,2026-01-05 10:06:19.512899
4,3098304.0000000005,18,44,Empleado,5410774.581564163,2500000,155894,832.0,10,3,7,0,1,817673.0,Creciente,1,1,2026-01-05 10:06:19.512899
4,2067120.0000000002,18,31,Empleado,1208929.6315592953,400000,103539,774.0,6,5,0,1,2,1265667.0,Decreciente,1,0,2026-01-05 10:06:19.512899
4,1442760.0000000002,10,32,Independiente,4527135.189127458,1800000,123662,853.0,4,3,1,0,2,,nan,1,0,2026-01-05 10:06:19.512899
4,2159520.0,6,31,Empleado,2615468.122439992,400000,291871,764.0,4,10,2,0,1,,nan,1,0,2026-01-05 10:06:19.512899
4,815760.0000000001,6,65,Independiente,2166132.214867706,0,110329,773.0,10,8,2,0,6,847958.0,Decreciente,1,0,2026-01-05 10:06:19.512899
4,3772296.0000000005,12,52,Independiente,4261077.158967824,2000000,268245,838.0,4,7,3,0,0,916149.0,Creciente,1,1,2026-01-05 10:06:19.512899
4,2890800.0000000005,24,51,Empleado,2914189.268380394,100000,117104,774.0,12,7,7,0,3,1500000.0,Estable,0,0,2026-01-05 10:06:19.512899
9,966768.0000000001,5,30,Independiente,5428865.263799694,2000000,142788,739.0,11,8,6,0,1,434074.0,Creciente,1,0,2026-01-05 10:06:19.512899
4,2442000.0,8,44,Empleado,1964678.7915581204,400000,251456,841.0,5,3,4,1,0,2705042.0,Creciente,1,1,2026-01-05 10:06:19.512899
9,2250296.4000000004,4,35,Empleado,3913680.2864914727,1000000,411896,837.0,6,11,3,0,0,934661.0,Creciente,1,0,2026-01-05 10:06:20.704652
9,1304226.0,6,53,Empleado,5259129.91503788,2000000,162062,841.0,12,8,5,0,4,954263.0,Creciente,1,1,2026-01-05 10:06:20.704652
4,2608056.0,12,39,Independiente,3080193.069200472,900000,164650,824.0,5,7,2,0,0,916148.0,Creciente,1,0,2026-01-05 10:06:20.704652
4,3429889.32,36,26,Empleado,1525198.8057354484,255000,107760,727.0,8,7,2,0,5,1170833.0,Creciente,1,0,2026-01-05 10:06:20.704652
4,783948.0000000001,6,28,Empleado,7096520.760332239,2500000,105780,708.0,17,15,10,2,2,3622577.0,Creciente,1,0,2026-01-05 10:06:20.704652
4,887040.0000000001,6,55,Independiente,4130249.861701123,510000,121220,849.0,5,8,1,2,1,954263.0,Creciente,1,1,2026-01-05 10:06:20.704652
4,3814404.0000000005,8,57,Independiente,4024723.941675809,1200000,393302,825.0,7,1,4,0,0,908526.0,Estable,0,1,2026-01-05 10:06:20.704652
4,4084080.0000000005,8,43,Independiente,6781727.473001973,2000000,423272,754.0,5,4,1,0,0,935968.0,Creciente,1,1,2026-01-05 10:06:20.704652
4,7920000.000000001,6,44,Independiente,4296625.67995951,2000000,1070071,827.0,7,9,3,0,2,,nan,1,0,2026-01-05 10:06:20.704652
9,737220.0000000001,2,55,Independiente,5947094.546766914,2000000,264488,851.0,6,2,5,0,1,1101671.0,Creciente,1,1,2026-01-05 10:06:20.704652
9,1439622.3599999999,10,43,Independiente,2613462.7084828503,1300000,111002,839.0,4,0,0,0,3,,nan,1,1,2026-01-05 10:06:20.704652
10,1040424.0000000001,6,23,Independiente,1931587.8219089147,223000,142366,752.0,3,9,2,0,0,969508.0,Creciente,1,0,2026-01-05 10:06:20.704652
4,1319736.0,12,37,Empleado,3465727.7138739172,1000000,83317,729.0,4,7,1,0,1,,nan,1,0,2026-01-05 10:06:20.704652
9,1282875.0,10,20,Empleado,2188511.6700075194,800000,99072,740.0,1,4,0,0,1,934661.0,15245,1,1,2026-01-05 10:06:20.704652
4,2772000.0,8,51,Independiente,17918511.435264748,4500000,287289,785.0,9,3,3,0,2,,nan,1,1,2026-01-05 10:06:20.704652
4,2661120.0,10,61,Independiente,3184160.8933572597,0,224179,835.0,3,1,2,0,0,,nan,1,1,2026-01-05 10:06:20.704652
4,1223640.0,10,29,Independiente,3423451.0656781606,1900000,102864,754.0,1,2,0,0,0,836601.0,Creciente,0,1,2026-01-05 10:06:20.704652
9,2520121.5600000005,9,38,Empleado,3658959.3943561427,1000000,213961,828.0,6,2,5,0,0,908526.0,Decreciente,1,1,2026-01-05 10:06:20.704652
4,3682800.0000000005,12,41,Empleado,8788263.097310452,3800000,232500,776.0,3,3,1,0,0,8159705.0,Creciente,1,1,2026-01-05 10:06:20.704652
9,2800030.2,10,31,Empleado,2206759.289979553,750000,216123,833.0,2,2,1,0,1,4560257.0,Decreciente,1,1,2026-01-05 10:06:20.704652
4,5517600.0,36,31,Empleado,2211986.3903495395,280000,169307,797.0,4,6,1,0,2,1000000.0,Decreciente,0,0,2026-01-05 10:06:20.704652
9,2824637.64,10,36,Independiente,3492537.7807969665,1800000,218365,731.0,8,14,4,1,2,2865934.0,Decreciente,1,0,2026-01-05 10:06:20.704652
9,2053566.24,10,38,Empleado,4662637.029769055,2500000,158091,828.0,7,2,5,0,2,,nan,1,1,2026-01-05 10:06:20.704652
4,1630490.4000000001,12,39,Empleado,5607363.723840541,2000000,116163,726.0,25,4,12,6,7,5425531.0,-28589,1,1,2026-01-05 10:06:20.704652
4,5370420.0,12,42,Independiente,3487679.0180471637,1300000,339042,827.0,4,2,3,0,0,1282822.0,Decreciente,1,1,2026-01-05 10:06:20.704652
9,28828821.12,10,123,Empleado,141491533.75496158,7630074,2525162,0.0,0,0,0,0,0,,nan,1,0,2026-01-05 10:06:20.704652
9,1509904.44,10,26,Independiente,3417909.396879012,1200000,116543,799.0,2,4,1,0,0,954263.0,Creciente,1,0,2026-01-05 10:06:20.704652
4,1536349.32,6,40,Independiente,2959844.0859181746,600000,193984,760.0,10,4,4,0,1,,nan,1,1,2026-01-05 10:06:20.704652
4,2610960.0,12,43,Independiente,2793849.5182564664,1500000,185892,816.0,3,3,2,0,0,,nan,1,0,2026-01-05 10:06:20.704652
4,687918.0,6,40,Independiente,3231530.770785399,1000000,92725,761.0,8,5,4,0,1,,nan,1,0,2026-01-05 10:06:20.704652
4,3183048.0000000005,18,35,Independiente,2209354.57682555,500000,160158,788.0,1,0,1,0,0,,nan,1,0,2026-01-05 10:06:20.704652
4,3669600.0000000005,12,52,Independiente,13791913.051404519,4000000,261765,772.0,14,17,11,0,2,1795346.0,Creciente,1,0,2026-01-05 10:06:20.704652
4,633072.0,6,50,Empleado,3234808.8402299834,2000000,85422,771.0,9,2,4,0,1,908526.0,Estable,1,1,2026-01-05 10:06:20.704652
4,864864.0000000001,8,47,Empleado,2499747.1575064445,900000,89046,780.0,10,7,2,0,4,,nan,1,0,2026-01-05 10:06:20.704652
9,966768.0000000001,5,36,Independiente,5612296.974636492,2000000,142747,707.0,6,13,1,0,4,,nan,1,0,2026-01-05 10:06:20.704652
4,1359600.0,12,34,Empleado,4129473.1199334813,500000,97387,784.0,11,6,8,0,2,250625.0,Creciente,1,1,2026-01-05 10:06:20.704652
4,1570800.0000000002,6,49,Empleado,3549079.1169893956,950000,212290,777.0,5,7,1,0,0,469405.0,Estable,1,1,2026-01-05 10:06:20.704652
9,6113791.2,2,53,Empleado,3565251.475755141,622000,2199518,854.0,6,4,2,0,2,8440850.0,Creciente,1,0,2026-01-05 10:06:20.704652
4,5869855.2,12,39,Empleado,6314175.328744151,1821000,446137,780.0,3,4,2,0,1,2351452.0,Decreciente,1,0,2026-01-05 10:06:20.704652
9,2384883.6,9,48,Independiente,4598208.757131569,3000000,202480,794.0,6,2,3,0,1,1691083.0,Estable,1,1,2026-01-05 10:06:20.704652
4,1877964.0000000002,6,60,Independiente,7872296.43010199,4500000,253732,805.0,10,8,6,0,2,,nan,1,0,2026-01-05 10:06:20.704652
4,8199412.320000001,12,47,Independiente,15377769.924952762,9000000,590929,810.0,13,10,5,0,7,939017.0,Creciente,1,0,2026-01-05 10:06:20.704652
9,3320442.8400000003,10,37,Empleado,2561728.683056134,1500000,257098,728.0,3,5,0,0,1,769218.0,Creciente,1,0,2026-01-05 10:06:20.704652
4,3406840.8000000003,6,36,Independiente,3432424.209490343,280000,459366,786.0,5,5,4,0,0,902381.0,Creciente,1,0,2026-01-05 10:06:20.704652
4,765468.0000000001,8,35,Empleado,1758567.7243911715,800000,79088,732.0,1,1,0,0,1,,nan,1,1,2026-01-05 10:06:20.704652
9,2307990.9600000004,9,67,Empleado,7024350.339391078,144000,198492,840.0,3,3,1,0,0,4866666.0,Estable,1,1,2026-01-05 10:06:20.704652
9,3846725.52,11,66,Empleado,1934183.7235963459,627000,282269,782.0,5,4,2,0,2,991320.0,Creciente,1,1,2026-01-05 10:06:20.704652
4,6119984.64,12,59,Empleado,2267468.267276347,400000,437604,850.0,1,2,1,0,0,1809171.0,Creciente,1,1,2026-01-05 10:06:20.704652
4,963072.0000000001,6,31,Empleado,3342096.182005409,800000,129813,752.0,3,5,1,0,1,2970240.0,Creciente,1,1,2026-01-05 10:06:20.704652
4,1634450.4000000001,6,55,Independiente,3238045.9234812143,1000000,220289,802.0,2,0,2,0,0,,nan,1,1,2026-01-05 10:06:20.704652
9,2053566.24,10,38,Empleado,4934075.267381646,2500000,158091,828.0,7,2,5,0,2,,nan,1,1,2026-01-05 10:06:21.944897
4,3395041.32,6,46,Independiente,4684688.12640971,1000000,458415,869.0,8,10,5,0,0,1350000.0,Estable,1,0,2026-01-05 10:06:21.944897
9,2743503.8400000003,9,68,Empleado,2498391.517705974,1800000,233150,893.0,6,3,3,0,0,,nan,1,1,2026-01-05 10:06:21.944897
9,3062756.4000000004,9,25,Independiente,1175286.9462048647,500000,259659,766.0,4,8,3,0,1,,nan,1,0,2026-01-05 10:06:21.944897
4,2424510.0,12,39,Independiente,2371626.1723782066,300000,172589,798.0,5,6,0,0,2,,nan,1,0,2026-01-05 10:06:21.944897
9,6600727.32,9,41,Empleado,3754925.022207727,2000000,561752,856.0,13,5,10,0,0,500000.0,Estable,1,1,2026-01-05 10:06:21.944897
9,1020176.52,10,30,Empleado,1660476.7108114217,800000,78661,930.0,6,0,3,0,2,,nan,1,1,2026-01-05 10:06:21.944897
9,966768.0000000001,2,67,Independiente,5261285.258357129,2000000,346841,896.0,7,0,6,1,0,1745606.0,Estable,1,1,2026-01-05 10:06:21.944897
4,2243868.0,6,24,Empleado,3204669.9213600843,600000,302555,802.0,10,5,2,4,3,3151545.0,Decreciente,0,1,2026-01-05 10:06:21.944897
4,3786817.32,12,47,Empleado,4871475.509728858,1000000,270463,819.0,5,6,2,0,0,,nan,1,1,2026-01-05 10:06:21.944897
4,5523672.0,12,59,Empleado,3942152.7865262544,1000000,348717,805.0,6,3,3,0,2,,nan,1,1,2026-01-05 10:06:21.944897
4,2020590.0000000002,18,47,Empleado,2461890.5949254073,500000,102030,791.0,2,4,1,1,0,1390963.0,Creciente,1,1,2026-01-05 10:06:21.944897
9,2023231.32,11,36,Empleado,3452198.2595758974,1800000,155990,906.0,5,3,3,0,0,3331345.0,Creciente,1,1,2026-01-05 10:06:21.944897
9,903328.8,2,51,Independiente,5746888.39894197,2000000,324034,796.0,10,3,2,0,4,1165666.0,Creciente,1,1,2026-01-05 10:06:21.944897
4,976800.0000000001,6,24,Empleado,1656703.4168623553,700000,132102,745.0,4,7,2,0,1,1278025.0,Creciente,1,0,2026-01-05 10:06:21.944897
9,2199645.36,9,23,Independiente,2324606.94468418,1000000,186753,664.0,1,0,0,0,1,,nan,0,0,2026-01-05 10:06:21.944897
4,3564000.0000000005,6,33,Independiente,5122338.002993248,99000,489362,853.0,6,2,5,0,0,3690909.0,Creciente,1,1,2026-01-05 10:06:21.944897
4,2640000.0,12,39,Empleado,4164325.781599075,800000,189119,849.0,9,4,6,1,1,,nan,1,1,2026-01-05 10:06:21.944897
9,3349340.2800000003,5,50,Empleado,6434214.546561287,3000000,493824,910.0,4,5,4,0,0,2008333.0,Creciente,1,1,2026-01-05 10:06:21.944897
4,2375828.4000000004,12,69,Empleado,2832932.119230699,500000,169687,693.0,10,7,4,0,6,,nan,1,0,2026-01-05 10:06:21.944897
4,2574000.0,24,24,Empleado,2730848.774472982,500000,103705,776.0,2,6,2,0,0,1080608.0,Creciente,1,0,2026-01-05 10:06:21.944897
4,1188000.0,8,42,Empleado,1692011.912136241,200000,123906,799.0,0,1,0,0,0,1560507.0,Creciente,1,1,2026-01-05 10:06:21.944897
4,2640000.0,10,46,Independiente,4719092.567503045,1200000,221490,820.0,3,3,0,0,0,,nan,1,1,2026-01-05 10:06:21.944897
4,2640000.0,6,28,Empleado,2493023.0031528557,666000,362024,846.0,4,6,2,0,0,,nan,1,0,2026-01-05 10:06:21.944897
4,2613600.0,12,41,Independiente,5244733.146166946,1800000,165000,747.0,6,7,0,0,1,1732252.0,Decreciente,1,0,2026-01-05 10:06:21.944897
4,5061804.0,12,27,Empleado,2568253.506815729,200000,319558,818.0,5,6,4,0,0,1165408.0,Creciente,1,1,2026-01-05 10:06:21.944897
4,1506120.0000000002,6,51,Independiente,8239673.324050857,4000000,203217,824.0,6,6,4,0,1,,nan,1,1,2026-01-05 10:06:21.944897
4,5448096.720000001,36,44,Empleado,2239421.49444964,600000,161885,792.0,1,1,0,1,0,1605062.0,Decreciente,1,0,2026-01-05 10:06:21.944897
9,5205887.28,10,35,Empleado,3861453.2863631463,1500000,402875,795.0,4,2,1,0,0,1000000.0,Creciente,1,1,2026-01-05 10:06:21.944897
9,4010082.12,2,63,Empleado,3776068.7085304456,1500000,1437616,768.0,1,3,1,0,0,1000000.0,Estable,0,0,2026-01-05 10:06:21.944897
9,486816.00000000006,6,49,Empleado,2572928.5221483028,1214000,66174,710.0,4,3,2,0,2,2432861.0,Creciente,1,1,2026-01-05 10:06:21.944897
4,1161336.0,6,30,Empleado,3361218.377407627,1000000,157332,776.0,3,3,3,0,0,924186.0,Creciente,1,1,2026-01-05 10:06:21.944897
9,3175001.2800000003,11,41,Independiente,5634610.316048018,3000000,224823,792.0,6,2,3,0,2,916841.0,Creciente,1,1,2026-01-05 10:06:21.944897
4,2216169.12,10,31,Empleado,2971675.3097894867,1000000,186892,757.0,3,3,1,0,2,1105256.0,Decreciente,1,0,2026-01-05 10:06:21.944897
4,1442760.0000000002,6,41,Empleado,4588660.809478138,2500000,194997,749.0,8,7,2,0,2,120000.0,Estable,1,0,2026-01-05 10:06:21.944897
4,1431936.0,18,52,Empleado,2897044.703224288,1600000,71914,822.0,3,3,1,0,0,3020130.0,Decreciente,1,1,2026-01-05 10:06:21.944897
9,5687539.4399999995,9,45,Empleado,2180256.35609818,1000000,484730,713.0,2,1,0,0,1,954263.0,Creciente,1,1,2026-01-05 10:06:21.944897
9,1306547.8800000001,10,53,Empleado,2136306.0240267077,800000,101006,804.0,3,4,1,0,0,939017.0,Creciente,1,1,2026-01-05 10:06:21.944897
9,1923548.8800000001,2,63,Empleado,2800786.8578983927,1113000,697901,731.0,2,2,1,0,0,,nan,1,1,2026-01-05 10:06:21.944897
4,4144800.0000000005,12,51,Empleado,3166389.5775216212,941000,308896,843.0,3,1,0,0,1,,nan,1,1,2026-01-05 10:06:21.944897
9,2619855.48,9,57,Empleado,1004439.7406578198,139000,223708,877.0,7,3,3,0,0,732877.0,Creciente,1,1,2026-01-05 10:06:21.944897
4,683628.0,6,55,Empleado,7436443.474852004,4000000,92620,839.0,8,4,5,0,1,,nan,1,1,2026-01-05 10:06:21.944897
9,1060420.68,8,31,Independiente,2245404.548647258,700000,100588,757.0,4,1,0,1,0,,nan,1,1,2026-01-05 10:06:21.944897
9,1518060.72,4,36,Empleado,3188938.1308959113,2000000,277597,865.0,1,7,0,0,1,1413333.0,Decreciente,1,0,2026-01-05 10:06:21.944897
9,4209846.96,9,51,Independiente,5350226.493853721,2500000,358277,899.0,10,6,5,0,3,979043.0,Creciente,1,1,2026-01-05 10:06:21.944897
9,6085603.920000001,11,31,Independiente,7168711.399519721,4000000,433386,775.0,7,10,3,0,2,961885.0,Creciente,1,0,2026-01-05 10:06:21.944897
9,1395900.0,8,62,Independiente,5333019.38662925,2000000,132410,791.0,19,5,6,1,10,,nan,1,0,2026-01-05 10:06:21.944897
4,3788400.0000000005,36,44,Empleado,4590784.397171824,455000,131065,743.0,8,3,3,0,3,1139456.0,Decreciente,1,0,2026-01-05 10:06:21.944897
9,3757295.52,10,40,Empleado,3524055.577683388,1600000,289250,739.0,1,0,0,0,1,,nan,1,1,2026-01-05 10:06:21.944897
9,3530314.92,10,42,Independiente,6696919.9354692595,1500000,272919,742.0,4,6,2,0,2,783063.0,Creciente,1,0,2026-01-05 10:06:21.944897
4,2060388.0000000002,24,29,Empleado,3561850.716000264,0,81884,750.0,4,5,2,0,2,1218449.0,Decreciente,1,0,2026-01-05 10:06:22.793579
4,1480248.0000000002,6,56,Empleado,3349874.0276206783,1500000,199870,764.0,8,2,2,0,4,,nan,1,1,2026-01-05 10:06:22.793579
4,1334520.0,10,35,Empleado,2636863.2069378146,1500000,112185,781.0,7,5,2,1,2,3233186.0,Decreciente,1,1,2026-01-05 10:06:22.793579
4,3036000.0000000005,36,68,Empleado,2963844.908139053,500000,89921,803.0,7,5,3,0,3,916148.0,Creciente,1,0,2026-01-05 10:06:22.793579
9,1880898.36,10,34,Empleado,26195094.07664453,18826083,145026,842.0,7,3,5,0,0,908526.0,Estable,1,1,2026-01-05 10:06:22.793579
4,1848000.0000000002,12,28,Empleado,3031166.919618669,320000,135492,766.0,2,3,1,0,1,2353680.0,Decreciente,1,1,2026-01-05 10:06:22.793579
4,1581853.6800000002,12,58,Independiente,2472094.879583466,1000000,112692,785.0,6,2,3,0,1,,nan,1,1,2026-01-05 10:06:22.793579
4,2640000.0,24,24,Empleado,1539686.55591679,173000,113711,693.0,2,3,2,0,0,1183697.0,Decreciente,1,0,2026-01-05 10:06:22.793579
4,1966668.0000000002,12,31,Independiente,3260684.9723167084,1000000,124158,770.0,7,3,4,0,1,1303731.0,Creciente,1,1,2026-01-05 10:06:22.793579
9,3147774.9600000004,4,57,Empleado,4821988.3666822435,1800000,574494,840.0,4,2,1,0,1,908526.0,Creciente,1,1,2026-01-05 10:06:22.793579
4,6889212.000000001,12,57,Independiente,2830390.3517418182,900000,492042,813.0,13,8,4,2,4,,nan,1,0,2026-01-05 10:06:22.793579
4,4446816.0,6,30,Empleado,2864428.3999434696,335000,616756,812.0,3,2,2,0,0,5133333.0,Creciente,1,1,2026-01-05 10:06:22.793579
4,924000.0000000001,6,41,Empleado,2796980.904935524,700000,126271,766.0,3,10,1,0,2,1458333.0,Creciente,1,0,2026-01-05 10:06:22.793579
9,3577229.04,9,34,Independiente,5692852.2647542665,1466000,319915,776.0,7,0,4,0,0,,nan,1,1,2026-01-05 10:06:22.793579
4,747120.0000000001,6,22,Empleado,1497922.7261863835,400000,101729,735.0,1,1,0,0,1,1047016.0,Creciente,1,1,2026-01-05 10:06:22.793579
4,6864000.000000001,6,34,Independiente,3031049.699378114,659000,942474,795.0,6,3,3,0,0,,nan,1,0,2026-01-05 10:06:22.793579
9,1896851.8800000001,10,24,Empleado,3200655.951161719,1000000,146410,694.0,6,11,2,0,3,2287878.0,Creciente,1,0,2026-01-05 10:06:22.793579
10,1822005.24,24,41,Empleado,2897609.3533172463,1988000,75904,766.0,9,11,5,0,3,3035599.0,Decreciente,1,0,2026-01-05 10:06:22.793579
4,2080056.0000000002,8,41,Independiente,2696012.2341374927,1100000,215593,774.0,4,2,3,0,0,,nan,1,1,2026-01-05 10:06:22.793579
9,2943831.0000000005,10,69,Empleado,2947173.696263592,1100000,227341,896.0,7,3,6,0,1,2993079.0,Creciente,1,1,2026-01-05 10:06:22.793579
4,9900000.0,36,56,Empleado,3192694.7464976106,10000,298916,787.0,4,4,1,1,0,939017.0,Creciente,1,0,2026-01-05 10:06:22.793579
4,3880534.68,12,36,Empleado,13463298.708208177,300000,244983,877.0,7,5,5,0,0,8816666.0,Creciente,1,1,2026-01-05 10:06:22.793579
4,2580600.0,6,25,Independiente,5157512.659258443,2500000,348445,748.0,2,8,2,0,0,1125415.0,Creciente,1,0,2026-01-05 10:06:22.793579
9,734580.0000000001,6,56,Empleado,2973326.072465277,1500000,91402,892.0,5,4,3,1,0,954263.0,Decreciente,1,1,2026-01-05 10:06:22.793579
4,2241954.0,24,33,Empleado,2022453.8825823814,800000,89305,700.0,5,8,1,0,2,2567508.0,Creciente,1,0,2026-01-05 10:06:22.793579
4,1541629.32,6,29,Empleado,2176678.9936133125,700000,208016,858.0,4,2,2,1,0,2568670.0,Creciente,1,1,2026-01-05 10:06:22.793579
4,1320000.0,12,35,Empleado,1971977.0923144054,126000,100471,708.0,2,3,0,0,2,1231351.0,Creciente,1,1,2026-01-05 10:06:22.793579
4,2323200.0,10,37,Independiente,5753005.883938862,1500000,194911,762.0,4,4,2,0,1,905733.0,Creciente,1,0,2026-01-05 10:06:22.793579
4,6648378.000000001,36,32,Empleado,5383307.645855464,800000,196019,747.0,5,5,4,0,0,1697488.0,Creciente,1,0,2026-01-05 10:06:22.793579
4,2465232.0,24,40,Empleado,2158964.0797919724,0,107706,889.0,1,2,1,0,0,1113000.0,Estable,1,1,2026-01-05 10:06:22.793579
4,578581.08,6,43,Independiente,1940966.8820478446,300000,78383,776.0,4,4,2,0,1,,nan,1,1,2026-01-05 10:06:22.793579
4,2470777.32,12,46,Empleado,1375904.1388219062,600000,155983,790.0,3,2,1,0,1,1448376.0,Creciente,1,1,2026-01-05 10:06:22.793579
9,1909851.24,9,122,Empleado,1086143894.1524622,17000000,162149,0.0,0,0,0,0,0,,nan,1,0,2026-01-05 10:06:22.793579
9,4516886.88,2,52,Independiente,4853908.068011637,1435000,1644056,892.0,9,1,7,0,0,,nan,1,0,2026-01-05 10:06:22.793579
4,2832720.0,12,48,Independiente,3261321.6435403656,1200000,202570,712.0,4,4,0,0,3,,nan,1,0,2026-01-05 10:06:22.793579
4,485089.44,6,60,Empleado,1186881.7658814031,250000,65563,809.0,3,0,1,0,0,,nan,1,1,2026-01-05 10:06:22.793579
4,2283600.0,6,40,Independiente,3535575.4995435425,1000000,308343,805.0,4,3,2,0,1,,nan,1,0,2026-01-05 10:06:22.793579
4,2349336.0,6,25,Independiente,3338409.114536707,7000000,317507,773.0,3,2,2,0,0,939017.0,Creciente,1,1,2026-01-05 10:06:22.793579
4,1198692.0,6,42,Empleado,5643190.0015720315,2000000,161558,738.0,10,1,7,0,0,,nan,1,1,2026-01-05 10:06:22.793579
4,1762068.0000000002,12,34,Empleado,2100972.3139096685,400000,126007,812.0,2,2,0,0,1,825710.0,Creciente,1,1,2026-01-05 10:06:22.793579
4,1768800.0000000002,6,69,Empleado,6983478.933968668,1000000,240020,761.0,27,6,15,2,7,2473571.0,Creciente,1,1,2026-01-05 10:06:22.793579
4,3379200.0000000005,6,32,Independiente,5585573.286955708,2000000,460074,765.0,4,9,4,0,0,961885.0,Creciente,1,0,2026-01-05 10:06:22.793579
4,3119160.0000000005,12,32,Empleado,1399103.48997515,500000,221391,759.0,3,3,0,1,1,1459560.0,Decreciente,1,1,2026-01-05 10:06:22.793579
4,1451803.32,6,48,Empleado,2243591.3528427575,800000,196297,772.0,7,3,0,1,4,,nan,1,1,2026-01-05 10:06:22.793579
9,2912979.9600000004,10,55,Empleado,1642853.7519374206,920000,225431,799.0,6,1,3,0,2,946640.0,Creciente,1,1,2026-01-05 10:06:22.793579
9,2758443.6,10,34,Empleado,3495512.0260564126,1000000,213248,769.0,8,4,0,4,4,1740909.0,Creciente,1,1,2026-01-05 10:06:22.793579
9,1395900.0,5,30,Independiente,5336197.192317053,2000000,206109,747.0,1,6,0,0,1,831610.0,Decreciente,1,0,2026-01-05 10:06:22.793579
9,2930051.52,9,56,Empleado,4299148.861361312,3000000,249599,870.0,4,2,3,0,0,5448955.0,Creciente,1,1,2026-01-05 10:06:22.793579
4,1170308.04,6,46,Independiente,6403406.296332768,0,158120,768.0,1,6,0,0,1,917673.0,Creciente,1,0,2026-01-05 10:06:22.793579
9,1790605.0800000003,8,67,Empleado,6352442.129443509,40000000,170070,833.0,2,0,1,0,0,954263.0,Creciente,1,1,2026-01-05 10:06:22.793579
